{
  "GameTime": "1923-01-20T00:00:00",
  "CreationDate": "1923-01-01T00:00:00",
  "Statistics": {
    "Satisfaction": 92,
    "Budget": {
      "Balance": 66500,
      "CurrentTax": 100,
      "CurrentTaxRate": 0.4,
      "MaintenanceFeeForEverything": 35500,
      "DateOfStartingLoan": "0001-01-01T00:00:00"
    }
  },
  "CityRegistry": {
    "Statistics": {
      "Satisfaction": 83,
      "Budget": {
        "Balance": 66500,
        "CurrentTax": 100,
        "CurrentTaxRate": 0.4,
        "MaintenanceFeeForEverything": 35500,
        "DateOfStartingLoan": "0001-01-01T00:00:00"
      }
    },
    "Zones": [
      {
        "Health": 100,
        "Level": 0,
        "IsConnected": true,
        "DayOfCreation": "1923-01-01T00:00:00",
        "DayOfBuildStart": "1923-01-04T00:00:00",
        "TimeToBuild": 10,
        "Status": 2,
        "isInitiallyPopulated": true,
        "Satisfaction": 64,
        "NCitizensInZone": 0,
        "Coor": "6,7;7,7;8,8;9,8;10,9;11,8;",
        "Type": 5,
        "ConstructionCost": 1000,
        "InfluenceRadius": 0,
        "Capacity": 50,
        "MaintenanceCost": 1000
      },
      {
        "Health": 100,
        "Level": 0,
        "IsConnected": true,
        "DayOfCreation": "1923-01-01T00:00:00",
        "DayOfBuildStart": "1923-01-20T00:00:00",
        "TimeToBuild": 10,
        "Status": 1,
        "isInitiallyPopulated": false,
        "Satisfaction": 64,
        "NCitizensInZone": 0,
        "Coor": "7,7;6,7;8,8;9,8;10,9;11,8;",
        "Type": 5,
        "ConstructionCost": 1000,
        "InfluenceRadius": 0,
        "Capacity": 50,
        "MaintenanceCost": 1000
      },
      {
        "Health": 100,
        "Level": 0,
        "IsConnected": true,
        "DayOfCreation": "1923-01-01T00:00:00",
        "DayOfBuildStart": "1923-01-20T00:00:00",
        "TimeToBuild": 10,
        "Status": 1,
        "isInitiallyPopulated": false,
        "Satisfaction": 64,
        "NCitizensInZone": 0,
        "Coor": "8,8;7,7;6,7;9,8;10,9;11,8;",
        "Type": 5,
        "ConstructionCost": 1000,
        "InfluenceRadius": 0,
        "Capacity": 50,
        "MaintenanceCost": 1000
      },
      {
        "Health": 100,
        "Level": 0,
        "IsConnected": true,
        "DayOfCreation": "1923-01-01T00:00:00",
        "DayOfBuildStart": "1923-01-20T00:00:00",
        "TimeToBuild": 10,
        "Status": 1,
        "isInitiallyPopulated": false,
        "Satisfaction": 64,
        "NCitizensInZone": 0,
        "Coor": "9,8;8,8;7,7;6,7;10,9;11,8;",
        "Type": 5,
        "ConstructionCost": 1000,
        "InfluenceRadius": 0,
        "Capacity": 50,
        "MaintenanceCost": 1000
      },
      {
        "Health": 100,
        "Level": 0,
        "IsConnected": true,
        "DayOfCreation": "1923-01-01T00:00:00",
        "DayOfBuildStart": "1923-01-20T00:00:00",
        "TimeToBuild": 10,
        "Status": 1,
        "isInitiallyPopulated": false,
        "Satisfaction": 64,
        "NCitizensInZone": 0,
        "Coor": "10,9;9,8;8,8;7,7;6,7;11,8;",
        "Type": 5,
        "ConstructionCost": 1000,
        "InfluenceRadius": 0,
        "Capacity": 50,
        "MaintenanceCost": 1000
      },
      {
        "Health": 100,
        "Level": 0,
        "IsConnected": true,
        "DayOfCreation": "1923-01-01T00:00:00",
        "DayOfBuildStart": "1923-01-20T00:00:00",
        "TimeToBuild": 10,
        "Status": 1,
        "isInitiallyPopulated": false,
        "Satisfaction": 64,
        "NCitizensInZone": 0,
        "Coor": "11,8;10,9;9,8;8,8;7,7;6,7;",
        "Type": 5,
        "ConstructionCost": 1000,
        "InfluenceRadius": 0,
        "Capacity": 50,
        "MaintenanceCost": 1000
      },
      {
        "Health": 100,
        "Level": 0,
        "IsConnected": true,
        "DayOfCreation": "1923-01-03T00:00:00",
        "DayOfBuildStart": "1923-01-04T00:00:00",
        "TimeToBuild": 10,
        "Status": 2,
        "isInitiallyPopulated": false,
        "Satisfaction": 64,
        "NCitizensInZone": 0,
        "Coor": "7,5;8,6;9,6;10,7;",
        "Type": 8,
        "ConstructionCost": 1000,
        "InfluenceRadius": 10,
        "Capacity": 25,
        "MaintenanceCost": 1000
      },
      {
        "Health": 100,
        "Level": 0,
        "IsConnected": true,
        "DayOfCreation": "1923-01-03T00:00:00",
        "DayOfBuildStart": "1923-01-04T00:00:00",
        "TimeToBuild": 10,
        "Status": 2,
        "isInitiallyPopulated": false,
        "Satisfaction": 64,
        "NCitizensInZone": 0,
        "Coor": "8,6;7,5;9,6;10,7;",
        "Type": 8,
        "ConstructionCost": 1000,
        "InfluenceRadius": 10,
        "Capacity": 25,
        "MaintenanceCost": 1000
      },
      {
        "Health": 100,
        "Level": 0,
        "IsConnected": true,
        "DayOfCreation": "1923-01-03T00:00:00",
        "DayOfBuildStart": "1923-01-04T00:00:00",
        "TimeToBuild": 10,
        "Status": 2,
        "isInitiallyPopulated": false,
        "Satisfaction": 64,
        "NCitizensInZone": 0,
        "Coor": "9,6;8,6;7,5;10,7;",
        "Type": 8,
        "ConstructionCost": 1000,
        "InfluenceRadius": 10,
        "Capacity": 25,
        "MaintenanceCost": 1000
      },
      {
        "Health": 100,
        "Level": 0,
        "IsConnected": true,
        "DayOfCreation": "1923-01-03T00:00:00",
        "DayOfBuildStart": "1923-01-04T00:00:00",
        "TimeToBuild": 10,
        "Status": 2,
        "isInitiallyPopulated": false,
        "Satisfaction": 64,
        "NCitizensInZone": 0,
        "Coor": "10,7;9,6;8,6;7,5;",
        "Type": 8,
        "ConstructionCost": 1000,
        "InfluenceRadius": 10,
        "Capacity": 25,
        "MaintenanceCost": 1000
      },
      {
        "Health": 100,
        "Level": 0,
        "IsConnected": true,
        "DayOfCreation": "1923-01-03T00:00:00",
        "DayOfBuildStart": "1923-01-04T00:00:00",
        "TimeToBuild": 10,
        "Status": 2,
        "isInitiallyPopulated": false,
        "Satisfaction": 96,
        "NCitizensInZone": 0,
        "Coor": "3,7;4,8;5,8;6,9;7,9;8,10;9,10;",
        "Type": 7,
        "ConstructionCost": 1000,
        "InfluenceRadius": 10,
        "Capacity": 25,
        "MaintenanceCost": 1000
      },
      {
        "Health": 100,
        "Level": 0,
        "IsConnected": true,
        "DayOfCreation": "1923-01-03T00:00:00",
        "DayOfBuildStart": "1923-01-04T00:00:00",
        "TimeToBuild": 10,
        "Status": 2,
        "isInitiallyPopulated": false,
        "Satisfaction": 96,
        "NCitizensInZone": 0,
        "Coor": "4,8;3,7;5,8;6,9;7,9;8,10;9,10;",
        "Type": 7,
        "ConstructionCost": 1000,
        "InfluenceRadius": 10,
        "Capacity": 25,
        "MaintenanceCost": 1000
      },
      {
        "Health": 100,
        "Level": 0,
        "IsConnected": true,
        "DayOfCreation": "1923-01-03T00:00:00",
        "DayOfBuildStart": "1923-01-04T00:00:00",
        "TimeToBuild": 10,
        "Status": 2,
        "isInitiallyPopulated": false,
        "Satisfaction": 96,
        "NCitizensInZone": 0,
        "Coor": "5,8;4,8;3,7;6,9;7,9;8,10;9,10;",
        "Type": 7,
        "ConstructionCost": 1000,
        "InfluenceRadius": 10,
        "Capacity": 25,
        "MaintenanceCost": 1000
      },
      {
        "Health": 100,
        "Level": 0,
        "IsConnected": true,
        "DayOfCreation": "1923-01-03T00:00:00",
        "DayOfBuildStart": "1923-01-04T00:00:00",
        "TimeToBuild": 10,
        "Status": 2,
        "isInitiallyPopulated": false,
        "Satisfaction": 96,
        "NCitizensInZone": 0,
        "Coor": "6,9;5,8;4,8;3,7;7,9;8,10;9,10;",
        "Type": 7,
        "ConstructionCost": 1000,
        "InfluenceRadius": 10,
        "Capacity": 25,
        "MaintenanceCost": 1000
      },
      {
        "Health": 100,
        "Level": 0,
        "IsConnected": true,
        "DayOfCreation": "1923-01-03T00:00:00",
        "DayOfBuildStart": "1923-01-04T00:00:00",
        "TimeToBuild": 10,
        "Status": 2,
        "isInitiallyPopulated": false,
        "Satisfaction": 96,
        "NCitizensInZone": 0,
        "Coor": "7,9;6,9;5,8;4,8;3,7;8,10;9,10;",
        "Type": 7,
        "ConstructionCost": 1000,
        "InfluenceRadius": 10,
        "Capacity": 25,
        "MaintenanceCost": 1000
      },
      {
        "Health": 100,
        "Level": 0,
        "IsConnected": true,
        "DayOfCreation": "1923-01-03T00:00:00",
        "DayOfBuildStart": "1923-01-04T00:00:00",
        "TimeToBuild": 10,
        "Status": 2,
        "isInitiallyPopulated": false,
        "Satisfaction": 96,
        "NCitizensInZone": 0,
        "Coor": "8,10;7,9;6,9;5,8;4,8;3,7;9,10;",
        "Type": 7,
        "ConstructionCost": 1000,
        "InfluenceRadius": 10,
        "Capacity": 25,
        "MaintenanceCost": 1000
      },
      {
        "Health": 100,
        "Level": 0,
        "IsConnected": true,
        "DayOfCreation": "1923-01-03T00:00:00",
        "DayOfBuildStart": "1923-01-04T00:00:00",
        "TimeToBuild": 10,
        "Status": 2,
        "isInitiallyPopulated": false,
        "Satisfaction": 96,
        "NCitizensInZone": 0,
        "Coor": "9,10;8,10;7,9;6,9;5,8;4,8;3,7;",
        "Type": 7,
        "ConstructionCost": 1000,
        "InfluenceRadius": 10,
        "Capacity": 25,
        "MaintenanceCost": 1000
      }
    ],
    "Facilities": [
      {
        "CurrentCapacity": 0,
        "Coor": "13,6;11,6;12,6;12,7;",
        "Type": 1,
        "ConstructionCost": 1500,
        "InfluenceRadius": 10,
        "Capacity": 0,
        "MaintenanceCost": 2000
      },
      {
        "CurrentCapacity": 0,
        "Coor": "15,7;13,7;14,7;14,8;",
        "Type": 3,
        "ConstructionCost": 3000,
        "InfluenceRadius": 0,
        "Capacity": 25,
        "MaintenanceCost": 3000
      },
      {
        "CurrentCapacity": 0,
        "Coor": "15,8;14,9;",
        "Type": 2,
        "ConstructionCost": 2000,
        "InfluenceRadius": 0,
        "Capacity": 25,
        "MaintenanceCost": 2500
      },
      {
        "CurrentCapacity": 0,
        "Coor": "11,10;",
        "Type": 4,
        "ConstructionCost": 1000,
        "InfluenceRadius": 10,
        "Capacity": 25,
        "MaintenanceCost": 2000
      }
    ],
    "SchoolCount": 1,
    "UniversityCount": 1,
    "PoliceCount": 1,
    "StadiumCount": 1,
    "RoadCount": 18
  },
  "Roads": [
    {
      "IsConnected": false,
      "CurrentCapacity": 0,
      "Coor": "7,6;",
      "Type": 9,
      "ConstructionCost": 500,
      "InfluenceRadius": 0,
      "Capacity": 0,
      "MaintenanceCost": 500
    },
    {
      "IsConnected": false,
      "CurrentCapacity": 0,
      "Coor": "8,7;",
      "Type": 9,
      "ConstructionCost": 500,
      "InfluenceRadius": 0,
      "Capacity": 0,
      "MaintenanceCost": 500
    },
    {
      "IsConnected": false,
      "CurrentCapacity": 0,
      "Coor": "9,7;",
      "Type": 9,
      "ConstructionCost": 500,
      "InfluenceRadius": 0,
      "Capacity": 0,
      "MaintenanceCost": 500
    },
    {
      "IsConnected": false,
      "CurrentCapacity": 0,
      "Coor": "10,8;",
      "Type": 9,
      "ConstructionCost": 500,
      "InfluenceRadius": 0,
      "Capacity": 0,
      "MaintenanceCost": 500
    },
    {
      "IsConnected": false,
      "CurrentCapacity": 0,
      "Coor": "11,7;",
      "Type": 9,
      "ConstructionCost": 500,
      "InfluenceRadius": 0,
      "Capacity": 0,
      "MaintenanceCost": 500
    },
    {
      "IsConnected": false,
      "CurrentCapacity": 0,
      "Coor": "12,8;",
      "Type": 9,
      "ConstructionCost": 500,
      "InfluenceRadius": 0,
      "Capacity": 0,
      "MaintenanceCost": 500
    },
    {
      "IsConnected": false,
      "CurrentCapacity": 0,
      "Coor": "13,8;",
      "Type": 9,
      "ConstructionCost": 500,
      "InfluenceRadius": 0,
      "Capacity": 0,
      "MaintenanceCost": 500
    },
    {
      "IsConnected": false,
      "CurrentCapacity": 0,
      "Coor": "12,9;",
      "Type": 9,
      "ConstructionCost": 500,
      "InfluenceRadius": 0,
      "Capacity": 0,
      "MaintenanceCost": 500
    },
    {
      "IsConnected": false,
      "CurrentCapacity": 0,
      "Coor": "11,9;",
      "Type": 9,
      "ConstructionCost": 500,
      "InfluenceRadius": 0,
      "Capacity": 0,
      "MaintenanceCost": 500
    },
    {
      "IsConnected": false,
      "CurrentCapacity": 0,
      "Coor": "10,10;",
      "Type": 9,
      "ConstructionCost": 500,
      "InfluenceRadius": 0,
      "Capacity": 0,
      "MaintenanceCost": 500
    },
    {
      "IsConnected": false,
      "CurrentCapacity": 0,
      "Coor": "9,9;",
      "Type": 9,
      "ConstructionCost": 500,
      "InfluenceRadius": 0,
      "Capacity": 0,
      "MaintenanceCost": 500
    },
    {
      "IsConnected": false,
      "CurrentCapacity": 0,
      "Coor": "8,9;",
      "Type": 9,
      "ConstructionCost": 500,
      "InfluenceRadius": 0,
      "Capacity": 0,
      "MaintenanceCost": 500
    },
    {
      "IsConnected": false,
      "CurrentCapacity": 0,
      "Coor": "7,8;",
      "Type": 9,
      "ConstructionCost": 500,
      "InfluenceRadius": 0,
      "Capacity": 0,
      "MaintenanceCost": 500
    },
    {
      "IsConnected": false,
      "CurrentCapacity": 0,
      "Coor": "6,8;",
      "Type": 9,
      "ConstructionCost": 500,
      "InfluenceRadius": 0,
      "Capacity": 0,
      "MaintenanceCost": 500
    },
    {
      "IsConnected": false,
      "CurrentCapacity": 0,
      "Coor": "5,7;",
      "Type": 9,
      "ConstructionCost": 500,
      "InfluenceRadius": 0,
      "Capacity": 0,
      "MaintenanceCost": 500
    },
    {
      "IsConnected": false,
      "CurrentCapacity": 0,
      "Coor": "4,7;",
      "Type": 9,
      "ConstructionCost": 500,
      "InfluenceRadius": 0,
      "Capacity": 0,
      "MaintenanceCost": 500
    },
    {
      "IsConnected": false,
      "CurrentCapacity": 0,
      "Coor": "5,6;",
      "Type": 9,
      "ConstructionCost": 500,
      "InfluenceRadius": 0,
      "Capacity": 0,
      "MaintenanceCost": 500
    },
    {
      "IsConnected": false,
      "CurrentCapacity": 0,
      "Coor": "6,6;",
      "Type": 9,
      "ConstructionCost": 500,
      "InfluenceRadius": 0,
      "Capacity": 0,
      "MaintenanceCost": 500
    }
  ],
  "MaxDistance": 40,
  "MaxTax": 1000,
  "latestDisaster": null
}